Topics,Coherence
2,0.12151721357758961
3,0.18157275277519927
4,0.20800415404634992
5,0.22572821988359423
6,0.25817962224887725
7,0.27889946099442836
8,0.26090384866134353
9,0.26784784779725335
10,0.28787132907521895
11,0.28201642070920985
12,0.2811679925972789
13,0.28959384235784813
14,0.28700020025779577
15,0.3062684417928277
16,0.28758078512469165
17,0.31337899424441584
18,0.31364662848382174
19,0.2935543356918034
